{"times": [18.97308850288391, 42.93709421157837, 66.07240104675293, 87.83909630775452, 109.6377649307251, 129.8708837032318, 148.76616764068604, 167.27963948249817, 189.29842114448547, 207.28231739997864, 229.17920660972595, 250.96211051940918, 273.85040307044983, 293.1452226638794, 316.1355185508728, 342.2626242637634, 365.3962435722351, 387.2251708507538, 408.00758242607117, 448.57279753685, 470.26861333847046, 492.6920428276062, 514.6911826133728, 535.9657621383667, 557.1373748779297, 577.5394761562347, 599.6500246524811, 621.8070256710052, 642.9281823635101, 663.3564219474792, 684.4697680473328, 705.4118592739105, 726.9141612052917, 747.6738431453705, 768.4948265552521, 788.954505443573, 810.240406036377, 831.6389253139496, 852.8943846225739, 872.7036693096161, 889.1521339416504, 905.9726567268372, 923.4401199817657, 940.1686639785767, 957.0449085235596, 973.8277688026428, 990.5183758735657, 1007.7575464248657, 1025.309656381607, 1046.9705607891083], "train_metrics": {"accuracy": [0.999109375, 0.999109375, 0.99921875, 0.99915625, 0.999171875, 0.99925, 0.9994375, 0.99946875, 0.99940625, 0.9995, 0.999546875, 0.999625, 0.999734375, 0.999703125, 0.99975, 0.99975, 0.999828125, 0.999859375, 0.999828125, 0.999796875, 0.999828125, 0.999875, 0.999859375, 0.99984375, 0.999875, 0.999875, 0.999890625, 0.999890625, 0.999875, 0.999875, 0.999875, 0.999890625, 0.999875, 0.999875, 0.999890625, 0.999890625, 0.99990625, 0.99990625, 0.999921875, 0.999921875, 0.999921875, 0.999921875, 0.9999375, 0.9999375, 0.999921875, 0.9999375, 0.9999375, 0.9999375, 0.9999375, 0.9999375], "precision": [0.8823529411764706, 0.8823529411764706, 0.88268156424581, 0.8674033149171271, 0.8850574712643678, 0.8971428571428571, 0.8952879581151832, 0.9090909090909091, 0.8983957219251337, 0.8974358974358975, 0.9114583333333334, 0.9054726368159204, 0.9427083333333334, 0.9285714285714286, 0.9430051813471503, 0.9430051813471503, 0.9782608695652174, 0.9836956521739131, 0.9888888888888889, 0.9887640449438202, 0.9731182795698925, 0.9890710382513661, 0.9836956521739131, 0.9783783783783784, 0.9890710382513661, 0.9786096256684492, 0.9891304347826086, 0.9891304347826086, 0.9837837837837838, 0.9837837837837838, 0.9837837837837838, 0.9891304347826086, 0.9837837837837838, 0.9837837837837838, 0.9891304347826086, 0.9891304347826086, 0.994535519125683, 0.994535519125683, 0.9945652173913043, 0.9945652173913043, 0.9945652173913043, 0.9945652173913043, 0.9945945945945946, 0.9945945945945946, 0.989247311827957, 0.9945945945945946, 0.9945945945945946, 0.9945945945945946, 0.9945945945945946, 0.9945945945945946], "recall": [0.8021390374331551, 0.8021390374331551, 0.8449197860962567, 0.839572192513369, 0.8235294117647058, 0.839572192513369, 0.9144385026737968, 0.9090909090909091, 0.8983957219251337, 0.9358288770053476, 0.9358288770053476, 0.9732620320855615, 0.9679144385026738, 0.9732620320855615, 0.9732620320855615, 0.9732620320855615, 0.9625668449197861, 0.9679144385026738, 0.9518716577540107, 0.9411764705882353, 0.9679144385026738, 0.9679144385026738, 0.9679144385026738, 0.9679144385026738, 0.9679144385026738, 0.9786096256684492, 0.9732620320855615, 0.9732620320855615, 0.9732620320855615, 0.9732620320855615, 0.9732620320855615, 0.9732620320855615, 0.9732620320855615, 0.9732620320855615, 0.9732620320855615, 0.9732620320855615, 0.9732620320855615, 0.9732620320855615, 0.9786096256684492, 0.9786096256684492, 0.9786096256684492, 0.9786096256684492, 0.983957219251337, 0.983957219251337, 0.983957219251337, 0.983957219251337, 0.983957219251337, 0.983957219251337, 0.983957219251337, 0.983957219251337], "specificity": [0.9996865842383214, 0.9996865842383214, 0.9996709134502374, 0.9996239010859856, 0.9996865842383214, 0.9997179258144893, 0.9996865842383214, 0.9997335966025731, 0.9997022550264053, 0.9996865842383214, 0.9997335966025731, 0.9997022550264053, 0.9998276213310767, 0.999780608966825, 0.9998276213310767, 0.9998276213310767, 0.9999373168476643, 0.9999529876357482, 0.9999686584238321, 0.9999686584238321, 0.9999216460595803, 0.9999686584238321, 0.9999529876357482, 0.9999373168476643, 0.9999686584238321, 0.9999373168476643, 0.9999686584238321, 0.9999686584238321, 0.9999529876357482, 0.9999529876357482, 0.9999529876357482, 0.9999686584238321, 0.9999529876357482, 0.9999529876357482, 0.9999686584238321, 0.9999686584238321, 0.999984329211916, 0.999984329211916, 0.999984329211916, 0.999984329211916, 0.999984329211916, 0.999984329211916, 0.999984329211916, 0.999984329211916, 0.9999686584238321, 0.999984329211916, 0.999984329211916, 0.999984329211916, 0.999984329211916, 0.999984329211916], "auc": [0.9859235260513443, 0.9934847232023448, 0.9902579654741532, 0.9927620233283564, 0.9921157080711513, 0.9930589302918932, 0.9941079512824529, 0.9924181878015735, 0.9963513042076234, 0.9969375760441752, 0.997552256421692, 0.9987315041752595, 0.9986423399050921, 0.9990290815468426, 0.9992974123674027, 0.9996244876930261, 0.9996841540091532, 0.9997720612642337, 0.9998976789719226, 0.999925919910876, 0.9999351380215136, 0.9999622057463858, 0.9999728484741219, 0.9999810609726899, 0.9999842454109102, 0.9999881840581827, 0.9999906980883566, 0.9999909494913739, 0.9999920389044493, 0.9999931283175246, 0.9999942177306, 0.9999947205366347, 0.9999952233426697, 0.9999947205366349, 0.9999957261487045, 0.9999956423476987, 0.9999960613527276, 0.9999964803577566, 0.9999966479597682, 0.9999968993627855, 0.9999969831637914, 0.9999968993627856, 0.9999970669647972, 0.999997150765803, 0.9999974021688203, 0.9999973183678145, 0.9999974021688203, 0.9999976535718377, 0.9999977373728436, 0.9999978211738493], "f1": [0.8403361344537815, 0.8403361344537815, 0.8633879781420765, 0.8532608695652174, 0.853185595567867, 0.8674033149171271, 0.9047619047619048, 0.9090909090909091, 0.8983957219251337, 0.9162303664921466, 0.9234828496042217, 0.9381443298969072, 0.9551451187335093, 0.9503916449086162, 0.9578947368421052, 0.9578947368421052, 0.9703504043126685, 0.9757412398921833, 0.9700272479564033, 0.9643835616438357, 0.9705093833780161, 0.9783783783783784, 0.9757412398921833, 0.9731182795698925, 0.9783783783783784, 0.9786096256684492, 0.9811320754716981, 0.9811320754716981, 0.978494623655914, 0.978494623655914, 0.978494623655914, 0.9811320754716981, 0.978494623655914, 0.978494623655914, 0.9811320754716981, 0.9811320754716981, 0.9837837837837838, 0.9837837837837838, 0.9865229110512129, 0.9865229110512129, 0.9865229110512129, 0.9865229110512129, 0.989247311827957, 0.989247311827957, 0.9865951742627346, 0.989247311827957, 0.989247311827957, 0.989247311827957, 0.989247311827957, 0.989247311827957]}, "val_metrics": {"accuracy": [0.9993125, 0.9993125, 0.9993125, 0.9994375, 0.99925, 0.99925, 0.9991875, 0.99925, 0.9993125, 0.999125, 0.999125, 0.999, 0.999125, 0.999, 0.999125, 0.999125, 0.99925, 0.9991875, 0.999125, 0.9991875, 0.99925, 0.99925, 0.99925, 0.99925, 0.99925, 0.99925, 0.99925, 0.99925, 0.99925, 0.99925, 0.99925, 0.99925, 0.99925, 0.99925, 0.99925, 0.99925, 0.99925, 0.99925, 0.99925, 0.9991875, 0.9991875, 0.99925, 0.9991875, 0.9991875, 0.99925, 0.9991875, 0.9991875, 0.9991875, 0.9991875, 0.9991875], "precision": [0.95, 0.95, 0.9090909090909091, 0.975, 0.9487179487179487, 0.9487179487179487, 0.8863636363636364, 0.9069767441860465, 0.95, 0.8837209302325582, 0.8837209302325582, 0.8444444444444444, 0.8837209302325582, 0.8444444444444444, 0.8837209302325582, 0.8837209302325582, 0.926829268292683, 0.9047619047619048, 0.9024390243902439, 0.925, 0.926829268292683, 0.926829268292683, 0.926829268292683, 0.926829268292683, 0.926829268292683, 0.926829268292683, 0.926829268292683, 0.926829268292683, 0.926829268292683, 0.926829268292683, 0.926829268292683, 0.926829268292683, 0.926829268292683, 0.926829268292683, 0.926829268292683, 0.926829268292683, 0.926829268292683, 0.926829268292683, 0.926829268292683, 0.925, 0.925, 0.926829268292683, 0.925, 0.925, 0.926829268292683, 0.925, 0.925, 0.925, 0.925, 0.925],