{
    "train_metrics": {
        "accuracy": [
            0.998984375,
            0.9988125,
            0.99896875,
            0.998984375,
            0.998984375
        ],
        "precision": [
            0.88,
            0.8765432098765432,
            0.8793103448275862,
            0.88,
            0.88
        ],
        "recall": [
            0.7777777777777778,
            0.7171717171717171,
            0.7727272727272727,
            0.7777777777777778,
            0.7777777777777778
        ],
        "specificity": [
            0.9996708567129557,
            0.999686530202815,
            0.9996708567129557,
            0.9996708567129557,
            0.9996708567129557
        ],
        "auc": [
            0.9706852307280194,
            0.9660529624637333,
            0.9534824278014147,
            0.9206214127102186,
            0.9600593566143235
        ],
        "f1": [
            0.8257372654155496,
            0.7888888888888889,
            0.8225806451612904,
            0.8257372654155496,
            0.8257372654155496
        ]
    },
    "val_metrics": {
        "accuracy": [
            0.9993125,
            0.9991875,
            0.9993125,
            0.9993125,
            0.9993125
        ],
        "precision": [
            0.9428571428571428,
            0.9393939393939394,
            0.9428571428571428,
            0.9428571428571428,
            0.9428571428571428
        ],
        "recall": [
            0.7857142857142857,
            0.7380952380952381,
            0.7857142857142857,
            0.7857142857142857,
            0.7857142857142857
        ],
        "specificity": [
            0.9998746710114049,
            0.9998746710114049,
            0.9998746710114049,
            0.9998746710114049,
            0.9998746710114049
        ],
        "auc": [
            0.949076146312642,
            0.9623580350801807,
            0.9726350121449757,
            0.9025104590025006,
            0.9550136071473332
        ],
        "f1": [
            0.8571428571428571,
            0.8266666666666667,
            0.8571428571428571,
            0.8571428571428571,
            0.8571428571428571
        ]
    },
    "times": [
        163.86898922920227,
        299.30756855010986,
        441.5969548225403,
        579.5408215522766,
        718.5261497497559
    ]
}